{"Hair":0,"Hat":1,"TShirt":9,"Pants":4,"Shoes":6,"Beard":-1,"Accessory":10,"Fat":27.93814468383789,"Muscles":0.0,"Slimness":48.42616653442383,"Thin":48.42616653442383,"BreastSize":42.26114273071289,"Neck_Width":20.48802375793457,"Ear_Size":0.0,"Ear_Angle":0.0,"Jaw_Width":0.0,"Jaw_Shift":0.0,"Jaw_Offset":0.0,"Cheek_Size":0.0,"Chin_Offset":0.0,"Eye_Width":0.0,"Eye_Form":0.0,"Eye_InnerCorner":0.0,"Eye_Corner":0.0,"Eye_Rotation":0.0,"Eye_Offset":0.0,"Eye_ScaleX":0.0,"Eye_ScaleY":0.0,"Eye_Size":0.0,"Eye_Close":0.0,"Eye_Height":0.0,"Brow_Height":0.0,"Brow_Shape":0.0,"Brow_Thickness":0.0,"Brow_Length":0.0,"Nose_Length":0.0,"Nose_Size":0.0,"Nose_Angle":0.0,"Nose_Offset":0.0,"Nose_Bridge":0.0,"Nose_Hump":0.0,"Mouth_Offset":0.0,"Mouth_Width":0.0,"Mouth_Size":0.0,"Mouth_Open":0.0,"Mouth_Bulging":11.175274848937989,"LipsCorners_Offset":0.0,"Face_Form":0.0,"Chin_Width":93.12726593017578,"Chin_Form":100.0,"Head_Offset":63.32647705078125,"Height":-0.05140623077750206,"Smile":0.0,"Sadness":0.0,"Surprise":0.0,"Thoughtful":0.0,"Angry":0.0,"HeadSize":-0.06984536349773407,"SkinColor":{"r":0.47843137383461,"g":0.24313725531101228,"b":0.15294118225574494,"a":1.0},"EyeColor":{"r":0.1630028337240219,"g":0.28647494316101076,"b":0.349056601524353,"a":1.0},"HairColor":{"r":0.18867921829223634,"g":0.18867921829223634,"b":0.18867921829223634,"a":1.0},"UnderpantsColor":{"r":0.27358490228652956,"g":0.27358490228652956,"b":0.27358490228652956,"a":1.0},"male":false,"characterTag":"Civilian","characterName":"civ_0"}
{"Hair":6,"Hat":-1,"TShirt":0,"Pants":1,"Shoes":1,"Beard":5,"Accessory":10,"Fat":21.41924285888672,"Muscles":37.25088882446289,"Slimness":76.36429595947266,"Thin":76.36429595947266,"BreastSize":0.0,"Neck_Width":0.0,"Ear_Size":0.0,"Ear_Angle":0.0,"Jaw_Width":0.0,"Jaw_Shift":0.0,"Jaw_Offset":0.0,"Cheek_Size":0.0,"Chin_Offset":0.0,"Eye_Width":0.0,"Eye_Form":0.0,"Eye_InnerCorner":0.0,"Eye_Corner":0.0,"Eye_Rotation":0.0,"Eye_Offset":0.0,"Eye_ScaleX":0.0,"Eye_ScaleY":0.0,"Eye_Size":0.0,"Eye_Close":0.0,"Eye_Height":0.0,"Brow_Height":0.0,"Brow_Shape":0.0,"Brow_Thickness":0.0,"Brow_Length":0.0,"Nose_Length":0.0,"Nose_Size":0.0,"Nose_Angle":0.0,"Nose_Offset":0.0,"Nose_Bridge":0.0,"Nose_Hump":0.0,"Mouth_Offset":0.0,"Mouth_Width":0.0,"Mouth_Size":0.0,"Mouth_Open":0.0,"Mouth_Bulging":0.0,"LipsCorners_Offset":0.0,"Face_Form":0.0,"Chin_Width":0.0,"Chin_Form":0.0,"Head_Offset":0.0,"Height":0.007476260419934988,"Smile":0.0,"Sadness":0.0,"Surprise":0.0,"Thoughtful":0.0,"Angry":0.0,"HeadSize":-0.013969257473945618,"SkinColor":{"r":0.9058823585510254,"g":0.6549019813537598,"b":0.5137255191802979,"a":1.0},"EyeColor":{"r":0.22588104009628297,"g":0.261808842420578,"b":0.3396225869655609,"a":0.0},"HairColor":{"r":0.9137254953384399,"g":0.0,"b":0.0,"a":1.0},"UnderpantsColor":{"r":0.5660377740859985,"g":0.5660377740859985,"b":0.5660377740859985,"a":1.0},"male":true,"characterTag":"Civilian","characterName":"civ_0"}
{"Hair":8,"Hat":0,"TShirt":11,"Pants":10,"Shoes":11,"Beard":-1,"Accessory":-1,"Fat":3.5314321517944338,"Muscles":26.474111557006837,"Slimness":81.49092102050781,"Thin":20.75943946838379,"BreastSize":42.26114273071289,"Neck_Width":20.48802375793457,"Ear_Size":14.565131187438965,"Ear_Angle":7.245290279388428,"Jaw_Width":2.05385684967041,"Jaw_Shift":0.0,"Jaw_Offset":-3.5714683532714845,"Cheek_Size":-18.369035720825197,"Chin_Offset":-9.007366180419922,"Eye_Width":21.427852630615236,"Eye_Form":38.93603515625,"Eye_InnerCorner":0.0,"Eye_Corner":0.0,"Eye_Rotation":0.0,"Eye_Offset":-6.854942321777344,"Eye_ScaleX":-18.9990291595459,"Eye_ScaleY":12.434101104736329,"Eye_Size":20.050519943237306,"Eye_Close":0.0,"Eye_Height":-33.51868438720703,"Brow_Height":0.0,"Brow_Shape":10.402804374694825,"Brow_Thickness":-1.315821647644043,"Brow_Length":5.339652061462402,"Nose_Length":0.0,"Nose_Size":-13.440948486328125,"Nose_Angle":0.0,"Nose_Offset":-11.702217102050782,"Nose_Bridge":0.0,"Nose_Hump":0.0,"Mouth_Offset":7.877285003662109,"Mouth_Width":-3.0100059509277345,"Mouth_Size":4.908083915710449,"Mouth_Open":0.0,"Mouth_Bulging":11.175274848937989,"LipsCorners_Offset":0.0,"Face_Form":0.0,"Chin_Width":93.12726593017578,"Chin_Form":100.0,"Head_Offset":0.015595505014061928,"Height":0.03771158307790756,"Smile":0.0,"Sadness":0.0,"Surprise":0.0,"Thoughtful":0.0,"Angry":0.0,"HeadSize":0.09415212273597717,"SkinColor":{"r":0.886274516582489,"g":0.5333333611488342,"b":0.40784314274787905,"a":1.0},"EyeColor":{"r":0.2582293152809143,"g":0.20772917568683625,"b":0.16326037049293519,"a":0.0},"HairColor":{"r":0.2266109436750412,"g":0.403710275888443,"b":0.2844393253326416,"a":0.0},"UnderpantsColor":{"r":0.27358490228652956,"g":0.27358490228652956,"b":0.27358490228652956,"a":1.0},"male":false,"characterTag":"Firefighter","characterName":"fire_0"}
{"Hair":-1,"Hat":3,"TShirt":13,"Pants":12,"Shoes":13,"Beard":-1,"Accessory":2,"Fat":13.969072341918946,"Muscles":0.0,"Slimness":41.90721893310547,"Thin":41.90721893310547,"BreastSize":0.0,"Neck_Width":20.48802375793457,"Ear_Size":0.0,"Ear_Angle":0.0,"Jaw_Width":0.0,"Jaw_Shift":0.0,"Jaw_Offset":0.0,"Cheek_Size":0.0,"Chin_Offset":0.0,"Eye_Width":0.0,"Eye_Form":0.0,"Eye_InnerCorner":0.0,"Eye_Corner":0.0,"Eye_Rotation":0.0,"Eye_Offset":0.0,"Eye_ScaleX":0.0,"Eye_ScaleY":0.0,"Eye_Size":0.0,"Eye_Close":0.0,"Eye_Height":0.0,"Brow_Height":0.0,"Brow_Shape":0.0,"Brow_Thickness":0.0,"Brow_Length":0.0,"Nose_Length":0.0,"Nose_Size":0.0,"Nose_Angle":0.0,"Nose_Offset":0.0,"Nose_Bridge":0.0,"Nose_Hump":0.0,"Mouth_Offset":0.0,"Mouth_Width":0.0,"Mouth_Size":0.0,"Mouth_Open":0.0,"Mouth_Bulging":11.175274848937989,"LipsCorners_Offset":0.0,"Face_Form":0.0,"Chin_Width":93.12726593017578,"Chin_Form":100.0,"Head_Offset":9.312653541564942,"Height":0.014527852647006512,"Smile":0.0,"Sadness":0.0,"Surprise":0.0,"Thoughtful":0.0,"Angry":0.0,"HeadSize":0.009312868118286133,"SkinColor":{"r":0.47843137383461,"g":0.24313725531101228,"b":0.15294118225574494,"a":1.0},"EyeColor":{"r":0.1630028337240219,"g":0.28647494316101076,"b":0.349056601524353,"a":1.0},"HairColor":{"r":0.18867921829223634,"g":0.18867921829223634,"b":0.18867921829223634,"a":1.0},"UnderpantsColor":{"r":0.27358490228652956,"g":0.27358490228652956,"b":0.27358490228652956,"a":1.0},"male":false,"characterTag":"SWAT","characterName":"swat_0"}

