{"Hair":5,"Hat":0,"TShirt":11,"Pants":10,"Shoes":11,"Beard":-1,"Accessory":8,"Fat":34.45709228515625,"Muscles":0.0,"Slimness":0.0,"Thin":0.0,"BreastSize":55.8763313293457,"Neck_Width":0.0,"Ear_Size":0.0,"Ear_Angle":0.0,"Jaw_Width":0.0,"Jaw_Shift":0.0,"Jaw_Offset":0.0,"Cheek_Size":0.0,"Chin_Offset":0.0,"Eye_Width":0.0,"Eye_Form":0.0,"Eye_InnerCorner":0.0,"Eye_Corner":0.0,"Eye_Rotation":0.0,"Eye_Offset":0.0,"Eye_ScaleX":0.0,"Eye_ScaleY":0.0,"Eye_Size":0.0,"Eye_Close":0.0,"Eye_Height":0.0,"Brow_Height":0.0,"Brow_Shape":0.0,"Brow_Thickness":0.0,"Brow_Length":0.0,"Nose_Length":0.0,"Nose_Size":0.0,"Nose_Angle":0.0,"Nose_Offset":0.0,"Nose_Bridge":0.0,"Nose_Hump":0.0,"Mouth_Offset":0.0,"Mouth_Width":0.0,"Mouth_Size":0.0,"Mouth_Open":0.0,"Mouth_Bulging":0.0,"LipsCorners_Offset":0.0,"Face_Form":0.0,"Chin_Width":0.0,"Chin_Form":0.0,"Head_Offset":39.113426208496097,"Height":0.05999999865889549,"Smile":0.0,"Sadness":0.0,"Surprise":0.0,"Thoughtful":0.0,"Angry":0.0,"HeadSize":0.08381429314613342,"SkinColor":{"r":0.40392157435417178,"g":0.18039216101169587,"b":0.10980392247438431,"a":1.0},"EyeColor":{"r":0.1630028337240219,"g":0.28647494316101076,"b":0.349056601524353,"a":1.0},"HairColor":{"r":0.18867921829223634,"g":0.18867921829223634,"b":0.18867921829223634,"a":1.0},"UnderpantsColor":{"r":0.27358490228652956,"g":0.27358490228652956,"b":0.27358490228652956,"a":1.0},"male":false,"characterTag":"Firefighter"}