{"Hair":6,"Hat":-1,"TShirt":0,"Pants":1,"Shoes":1,"Beard":5,"Accessory":10,"Fat":21.41924285888672,"Muscles":37.25088882446289,"Slimness":76.36429595947266,"Thin":76.36429595947266,"BreastSize":0.0,"Neck_Width":0.0,"Ear_Size":0.0,"Ear_Angle":0.0,"Jaw_Width":0.0,"Jaw_Shift":0.0,"Jaw_Offset":0.0,"Cheek_Size":0.0,"Chin_Offset":0.0,"Eye_Width":0.0,"Eye_Form":0.0,"Eye_InnerCorner":0.0,"Eye_Corner":0.0,"Eye_Rotation":0.0,"Eye_Offset":0.0,"Eye_ScaleX":0.0,"Eye_ScaleY":0.0,"Eye_Size":0.0,"Eye_Close":0.0,"Eye_Height":0.0,"Brow_Height":0.0,"Brow_Shape":0.0,"Brow_Thickness":0.0,"Brow_Length":0.0,"Nose_Length":0.0,"Nose_Size":0.0,"Nose_Angle":0.0,"Nose_Offset":0.0,"Nose_Bridge":0.0,"Nose_Hump":0.0,"Mouth_Offset":0.0,"Mouth_Width":0.0,"Mouth_Size":0.0,"Mouth_Open":0.0,"Mouth_Bulging":0.0,"LipsCorners_Offset":0.0,"Face_Form":0.0,"Chin_Width":0.0,"Chin_Form":0.0,"Head_Offset":0.0,"Height":0.007476260419934988,"Smile":0.0,"Sadness":0.0,"Surprise":0.0,"Thoughtful":0.0,"Angry":0.0,"HeadSize":-0.013969257473945618,"SkinColor":{"r":0.9058823585510254,"g":0.6549019813537598,"b":0.5137255191802979,"a":1.0},"EyeColor":{"r":0.22588104009628297,"g":0.261808842420578,"b":0.3396225869655609,"a":0.0},"HairColor":{"r":0.9137254953384399,"g":0.0,"b":0.0,"a":1.0},"UnderpantsColor":{"r":0.5660377740859985,"g":0.5660377740859985,"b":0.5660377740859985,"a":1.0},"male":true,"characterTag":"Civilian"}